dataset,treatment,budget,time
auto93,b2,15,52.3496
auto93,b2,40,121.744
auto93,b2,9,32.6918
auto93,base,,0.7802
auto93,bonr,15,54.0233
auto93,bonr,40,121.302
auto93,bonr,9,31.1767
auto93,EI,15,167.567
auto93,EI,40,355.7416
auto93,EI,9,95.4859
auto93,ExpProgressive,15,61.661
auto93,ExpProgressive,40,125.9464
auto93,ExpProgressive,9,39.9263
auto93,PI,15,164.0481
auto93,PI,40,353.9226
auto93,PI,9,92.9886
auto93,progressive,15,67.379
auto93,progressive,40,134.1339
auto93,progressive,9,46.9629
auto93,rand,15,1.1698
auto93,rand,40,1.2963
auto93,rand,9,1.0639
auto93,SimAnnealing,15,59.053
auto93,SimAnnealing,40,117.0658
auto93,SimAnnealing,9,38.1648
auto93,UCB,15,161.1853
auto93,UCB,40,342.7273
auto93,UCB,9,92.7236
coc1000,b2,15,162.6321
coc1000,b2,40,339.8825
coc1000,b2,9,97.5335
coc1000,base,,5.2365
coc1000,bonr,15,169.3149
coc1000,bonr,40,358.3172
coc1000,bonr,9,99.985
coc1000,EI,15,355.7487
coc1000,EI,40,686.9404
coc1000,EI,9,204.5124
coc1000,ExpProgressive,15,168.7663
coc1000,ExpProgressive,40,339.2672
coc1000,ExpProgressive,9,103.9326
coc1000,PI,15,355.9071
coc1000,PI,40,688.6401
coc1000,PI,9,205.3089
coc1000,progressive,15,167.9287
coc1000,progressive,40,344.3806
coc1000,progressive,9,105.9074
coc1000,rand,15,5.9238
coc1000,rand,40,6.1368
coc1000,rand,9,5.1495
coc1000,SimAnnealing,15,171.0928
coc1000,SimAnnealing,40,338.6094
coc1000,SimAnnealing,9,105.7099
coc1000,UCB,15,337.3235
coc1000,UCB,40,672.5444
coc1000,UCB,9,201.2522
healthCloseIsses12mths0001-hard,b2,15,436.9187
healthCloseIsses12mths0001-hard,b2,40,724.4587
healthCloseIsses12mths0001-hard,b2,9,289.0165
healthCloseIsses12mths0001-hard,base,,24.201
healthCloseIsses12mths0001-hard,bonr,15,459.9595
healthCloseIsses12mths0001-hard,bonr,40,729.6545
healthCloseIsses12mths0001-hard,bonr,9,306.0321
healthCloseIsses12mths0001-hard,EI,15,838.3631
healthCloseIsses12mths0001-hard,EI,40,1495.6857
healthCloseIsses12mths0001-hard,EI,9,610.5102
healthCloseIsses12mths0001-hard,ExpProgressive,15,462.8163
healthCloseIsses12mths0001-hard,ExpProgressive,40,720.2144
healthCloseIsses12mths0001-hard,ExpProgressive,9,309.9393
healthCloseIsses12mths0001-hard,PI,15,843.9364
healthCloseIsses12mths0001-hard,PI,40,1437.6915
healthCloseIsses12mths0001-hard,PI,9,614.8473
healthCloseIsses12mths0001-hard,progressive,15,465.5078
healthCloseIsses12mths0001-hard,progressive,40,731.7714
healthCloseIsses12mths0001-hard,progressive,9,314.1303
healthCloseIsses12mths0001-hard,rand,15,26.8954
healthCloseIsses12mths0001-hard,rand,40,26.2313
healthCloseIsses12mths0001-hard,rand,9,26.926
healthCloseIsses12mths0001-hard,SimAnnealing,15,458.577
healthCloseIsses12mths0001-hard,SimAnnealing,40,720.8026
healthCloseIsses12mths0001-hard,SimAnnealing,9,298.1433
healthCloseIsses12mths0001-hard,UCB,15,827.9308
healthCloseIsses12mths0001-hard,UCB,40,1414.8083
healthCloseIsses12mths0001-hard,UCB,9,601.8186
pom3a,b2,15,93.3739
pom3a,b2,40,192.8669
pom3a,b2,9,54.6982
pom3a,base,,1.6742
pom3a,bonr,15,97.5962
pom3a,bonr,40,195.682
pom3a,bonr,9,59.3036
pom3a,EI,15,228.6851
pom3a,EI,40,476.4766
pom3a,EI,9,131.2733
pom3a,ExpProgressive,15,106.6297
pom3a,ExpProgressive,40,208.6894
pom3a,ExpProgressive,9,65.6175
pom3a,PI,15,208.3399
pom3a,PI,40,459.2913
pom3a,PI,9,122.1586
pom3a,progressive,15,113.4584
pom3a,progressive,40,211.878
pom3a,progressive,9,73.119
pom3a,rand,15,1.9853
pom3a,rand,40,2.3998
pom3a,rand,9,2.2127
pom3a,SimAnnealing,15,98.2496
pom3a,SimAnnealing,40,200.4265
pom3a,SimAnnealing,9,61.4228
pom3a,UCB,15,206.3608
pom3a,UCB,40,458.9856
pom3a,UCB,9,124.2376
pom3b,b2,15,85.734
pom3b,b2,40,180.5737
pom3b,b2,9,51.7647
pom3b,base,,1.8236
pom3b,bonr,15,89.3003
pom3b,bonr,40,187.7599
pom3b,bonr,9,55.5331
pom3b,EI,15,201.1219
pom3b,EI,40,432.8972
pom3b,EI,9,108.5017
pom3b,ExpProgressive,15,94.2475
pom3b,ExpProgressive,40,194.0291
pom3b,ExpProgressive,9,61.7372
pom3b,PI,15,208.5687
pom3b,PI,40,431.0868
pom3b,PI,9,113.5636
pom3b,progressive,15,99.4457
pom3b,progressive,40,198.3853
pom3b,progressive,9,67.4787
pom3b,rand,15,1.7325
pom3b,rand,40,1.9094
pom3b,rand,9,1.7309
pom3b,SimAnnealing,15,90.3679
pom3b,SimAnnealing,40,189.9104
pom3b,SimAnnealing,9,58.9733
pom3b,UCB,15,203.6562
pom3b,UCB,40,429.4829
pom3b,UCB,9,115.1874
pom3c,b2,15,89.5997
pom3c,b2,40,182.9275
pom3c,b2,9,55.4285
pom3c,base,,1.6394
pom3c,bonr,15,93.6819
pom3c,bonr,40,194.1625
pom3c,bonr,9,54.7955
pom3c,EI,15,220.9044
pom3c,EI,40,438.3057
pom3c,EI,9,119.0731
pom3c,ExpProgressive,15,99.5738
pom3c,ExpProgressive,40,194.42
pom3c,ExpProgressive,9,62.5859
pom3c,PI,15,208.2094
pom3c,PI,40,448.8322
pom3c,PI,9,116.3092
pom3c,progressive,15,105.8654
pom3c,progressive,40,204.0954
pom3c,progressive,9,72.4
pom3c,rand,15,2.799
pom3c,rand,40,2.4063
pom3c,rand,9,2.6697
pom3c,SimAnnealing,15,100.677
pom3c,SimAnnealing,40,193.8042
pom3c,SimAnnealing,9,61.861
pom3c,UCB,15,208.1358
pom3c,UCB,40,439.1133
pom3c,UCB,9,118.4842
rs-6d-c3_obj1,b2,15,254.1116
rs-6d-c3_obj1,b2,40,489.634
rs-6d-c3_obj1,b2,9,157.5109
rs-6d-c3_obj1,base,,8.4717
rs-6d-c3_obj1,bonr,15,263.6216
rs-6d-c3_obj1,bonr,40,489.7995
rs-6d-c3_obj1,bonr,9,162.3071
rs-6d-c3_obj1,EI,15,599.0038
rs-6d-c3_obj1,EI,40,938.7989
rs-6d-c3_obj1,EI,9,387.8233
rs-6d-c3_obj1,ExpProgressive,15,265.9112
rs-6d-c3_obj1,ExpProgressive,40,484.6967
rs-6d-c3_obj1,ExpProgressive,9,171.3025
rs-6d-c3_obj1,PI,15,569.1164
rs-6d-c3_obj1,PI,40,950.1652
rs-6d-c3_obj1,PI,9,383.4081
rs-6d-c3_obj1,progressive,15,266.3837
rs-6d-c3_obj1,progressive,40,495.374
rs-6d-c3_obj1,progressive,9,177.1002
rs-6d-c3_obj1,rand,15,10.2076
rs-6d-c3_obj1,rand,40,10.9955
rs-6d-c3_obj1,rand,9,10.4956
rs-6d-c3_obj1,SimAnnealing,15,263.5827
rs-6d-c3_obj1,SimAnnealing,40,472.7916
rs-6d-c3_obj1,SimAnnealing,9,167.8797
rs-6d-c3_obj1,UCB,15,575.2794
rs-6d-c3_obj1,UCB,40,943.5667
rs-6d-c3_obj1,UCB,9,367.3865
rs-6d-c3_obj2,b2,15,241.8941
rs-6d-c3_obj2,b2,40,477.7022
rs-6d-c3_obj2,b2,9,147.6379
rs-6d-c3_obj2,base,,8.377
rs-6d-c3_obj2,bonr,15,238.3924
rs-6d-c3_obj2,bonr,40,447.455
rs-6d-c3_obj2,bonr,9,146.3842
rs-6d-c3_obj2,EI,15,575.275
rs-6d-c3_obj2,EI,40,914.2094
rs-6d-c3_obj2,EI,9,358.5685
rs-6d-c3_obj2,ExpProgressive,15,237.525
rs-6d-c3_obj2,ExpProgressive,40,437.8881
rs-6d-c3_obj2,ExpProgressive,9,147.9826
rs-6d-c3_obj2,PI,15,537.1534
rs-6d-c3_obj2,PI,40,921.4099
rs-6d-c3_obj2,PI,9,353.7134
rs-6d-c3_obj2,progressive,15,241.4753
rs-6d-c3_obj2,progressive,40,441.3124
rs-6d-c3_obj2,progressive,9,152.5661
rs-6d-c3_obj2,rand,15,9.3092
rs-6d-c3_obj2,rand,40,8.9692
rs-6d-c3_obj2,rand,9,8.8337
rs-6d-c3_obj2,SimAnnealing,15,235.6324
rs-6d-c3_obj2,SimAnnealing,40,475.9748
rs-6d-c3_obj2,SimAnnealing,9,149.2206
rs-6d-c3_obj2,UCB,15,558.3681
rs-6d-c3_obj2,UCB,40,906.5656
rs-6d-c3_obj2,UCB,9,349.7013
SQL_AllMeasurements,b2,15,723.5968
SQL_AllMeasurements,b2,40,1129.6875
SQL_AllMeasurements,b2,9,535.1071
SQL_AllMeasurements,base,,33.2389
SQL_AllMeasurements,bonr,15,735.1441
SQL_AllMeasurements,bonr,40,1105.3013
SQL_AllMeasurements,bonr,9,542.8324
SQL_AllMeasurements,EI,15,684.3573
SQL_AllMeasurements,EI,40,1144.9338
SQL_AllMeasurements,EI,9,457.8913
SQL_AllMeasurements,ExpProgressive,15,728.4139
SQL_AllMeasurements,ExpProgressive,40,1105.7128
SQL_AllMeasurements,ExpProgressive,9,541.1768
SQL_AllMeasurements,PI,15,675.1688
SQL_AllMeasurements,PI,40,1129.1199
SQL_AllMeasurements,PI,9,463.5534
SQL_AllMeasurements,progressive,15,733.3481
SQL_AllMeasurements,progressive,40,1097.3295
SQL_AllMeasurements,progressive,9,538.2813
SQL_AllMeasurements,rand,15,35.3216
SQL_AllMeasurements,rand,40,34.3029
SQL_AllMeasurements,rand,9,33.8005
SQL_AllMeasurements,SimAnnealing,15,725.9815
SQL_AllMeasurements,SimAnnealing,40,1099.9377
SQL_AllMeasurements,SimAnnealing,9,536.8432
SQL_AllMeasurements,UCB,15,666.9065
SQL_AllMeasurements,UCB,40,1127.6731
SQL_AllMeasurements,UCB,9,444.3713
SS-B,b2,15,26.3268
SS-B,b2,40,60.6599
SS-B,b2,9,19.1224
SS-B,base,,0.3025
SS-B,bonr,15,28.4279
SS-B,bonr,40,65.1198
SS-B,bonr,9,19.6345
SS-B,EI,15,102.3929
SS-B,EI,40,223.617
SS-B,EI,9,57.6819
SS-B,ExpProgressive,15,37.3387
SS-B,ExpProgressive,40,76.8472
SS-B,ExpProgressive,9,27.889
SS-B,PI,15,97.6081
SS-B,PI,40,231.3184
SS-B,PI,9,55.8221
SS-B,progressive,15,42.8473
SS-B,progressive,40,79.998
SS-B,progressive,9,33.0444
SS-B,rand,15,0.5159
SS-B,rand,40,0.6479
SS-B,rand,9,0.4265
SS-B,SimAnnealing,15,33.1542
SS-B,SimAnnealing,40,68.2496
SS-B,SimAnnealing,9,23.0963
SS-B,UCB,15,96.768
SS-B,UCB,40,225.6364
SS-B,UCB,9,54.036
SS-D,b2,15,27.1067
SS-D,b2,40,63.2688
SS-D,b2,9,17.1268
SS-D,base,,0.4299
SS-D,bonr,15,29.1266
SS-D,bonr,40,64.5708
SS-D,bonr,9,19.4001
SS-D,EI,15,103.6508
SS-D,EI,40,218.4571
SS-D,EI,9,60.6686
SS-D,ExpProgressive,15,37.0083
SS-D,ExpProgressive,40,77.5865
SS-D,ExpProgressive,9,27.5633
SS-D,PI,15,101.336
SS-D,PI,40,227.9602
SS-D,PI,9,54.2631
SS-D,progressive,15,42.4586
SS-D,progressive,40,81.5423
SS-D,progressive,9,33.8711
SS-D,rand,15,0.4349
SS-D,rand,40,0.4671
SS-D,rand,9,0.4338
SS-D,SimAnnealing,15,32.4998
SS-D,SimAnnealing,40,67.9051
SS-D,SimAnnealing,9,24.9335
SS-D,UCB,15,99.4567
SS-D,UCB,40,228.7994
SS-D,UCB,9,53.5987
SS-E,b2,15,42.0267
SS-E,b2,40,147.2561
SS-E,base,,0.9369
SS-E,bonr,15,47.5022
SS-E,bonr,40,114.0836
SS-E,bonr,9,42.95
SS-E,EI,15,183.2661
SS-E,EI,40,510.488
SS-E,EI,9,149.8557
SS-E,ExpProgressive,15,52.564
SS-E,ExpProgressive,9,52.3778
SS-E,PI,15,182.0251
SS-E,PI,40,405.9637
SS-E,PI,9,141.887
SS-E,progressive,9,60.2359
SS-E,rand,40,1.0766
SS-E,rand,9,1.1411
SS-E,SimAnnealing,15,47.9106
SS-E,SimAnnealing,40,160.8782
SS-E,SimAnnealing,9,46.2488
SS-E,UCB,15,235.7471
SS-E,UCB,40,490.1397
SS-E,UCB,9,141.7206
SS-F,b2,15,25.6608
SS-F,b2,40,60.0848
SS-F,b2,9,16.6085
SS-F,base,,0.4309
SS-F,bonr,15,26.059
SS-F,bonr,40,63.3515
SS-F,bonr,9,17.4888
SS-F,EI,15,99.4831
SS-F,EI,40,223.2668
SS-F,EI,9,57.3731
SS-F,ExpProgressive,15,35.6518
SS-F,ExpProgressive,40,72.6769
SS-F,ExpProgressive,9,26.9856
SS-F,PI,15,88.4154
SS-F,PI,40,213.6809
SS-F,PI,9,51.5595
SS-F,progressive,15,41.2504
SS-F,progressive,40,77.9987
SS-F,progressive,9,31.1527
SS-F,rand,15,0.4981
SS-F,rand,40,0.7544
SS-F,rand,9,0.3928
SS-F,SimAnnealing,15,32.1153
SS-F,SimAnnealing,40,67.1239
SS-F,SimAnnealing,9,22.7591
SS-F,UCB,15,88.4356
SS-F,UCB,40,217.8617
SS-F,UCB,9,54.8374
SS-G,b2,15,27.2537
SS-G,b2,40,65.3173
SS-G,b2,9,19.4777
SS-G,base,,0.2066
SS-G,bonr,15,29.2938
SS-G,bonr,40,70.3388
SS-G,bonr,9,19.7741
SS-G,EI,15,104.5522
SS-G,EI,40,233.2135
SS-G,EI,9,57.7925
SS-G,ExpProgressive,15,39.4331
SS-G,ExpProgressive,40,83.7438
SS-G,ExpProgressive,9,27.3806
SS-G,PI,15,99.3481
SS-G,PI,40,226.6245
SS-G,PI,9,57.2448
SS-G,progressive,40,86.537
SS-G,progressive,9,21.2115
SS-G,rand,15,0.874
SS-G,rand,40,0.6757
SS-G,rand,9,0.4445
SS-G,SimAnnealing,15,32.1381
SS-G,UCB,40,236.7138
SS-G,UCB,9,57.0597
SS-H,b2,15,38.5556
SS-H,b2,40,90.6954
SS-H,b2,9,22.1614
SS-H,base,,0.4192
SS-H,bonr,15,39.2226
SS-H,bonr,40,89.3733
SS-H,bonr,9,23.2861
SS-H,EI,15,129.4005
SS-H,EI,40,281.9007
SS-H,EI,9,72.6004
SS-H,ExpProgressive,15,46.4123
SS-H,ExpProgressive,40,97.9632
SS-H,ExpProgressive,9,27.2158
SS-H,PI,15,121.8008
SS-H,PI,40,286.8953
SS-H,PI,9,72.1214
SS-H,progressive,15,51.8795
SS-H,progressive,40,102.0495
SS-H,progressive,9,37.1911
SS-H,rand,15,0.7136
SS-H,rand,40,0.8502
SS-H,rand,9,0.5714
SS-H,SimAnnealing,15,43.6847
SS-H,SimAnnealing,40,94.4873
SS-H,SimAnnealing,9,26.8371
SS-H,UCB,15,123.4869
SS-H,UCB,40,273.9214
SS-H,UCB,9,69.0661
SS-I,b2,15,106.8934
SS-I,b2,40,220.4887
SS-I,b2,9,64.8517
SS-I,base,,2.1715
SS-I,bonr,15,109.0187
SS-I,bonr,40,223.0701
SS-I,bonr,9,61.1862
SS-I,EI,15,309.6412
SS-I,EI,40,585.8438
SS-I,EI,9,182.982
SS-I,ExpProgressive,15,112.1734
SS-I,ExpProgressive,40,235.0527
SS-I,ExpProgressive,9,69.932
SS-I,PI,15,288.8494
SS-I,PI,40,594.615
SS-I,PI,9,179.4868
SS-I,progressive,15,118.8921
SS-I,progressive,40,239.7611
SS-I,progressive,9,73.5691
SS-I,rand,15,2.9706
SS-I,rand,40,2.4734
SS-I,rand,9,2.7939
SS-I,SimAnnealing,15,110.2623
SS-I,SimAnnealing,40,226.7216
SS-I,SimAnnealing,9,68.7056
SS-I,UCB,15,285.8637
SS-I,UCB,40,591.4403
SS-I,UCB,9,183.8479
SS-J,b2,15,203.4133
SS-J,b2,40,494.8753
SS-J,b2,9,101.4007
SS-J,base,,4.1351
SS-J,bonr,15,205.2839
SS-J,bonr,40,538.1331
SS-J,bonr,9,103.5253
SS-J,EI,15,716.8113
SS-J,EI,40,1710.2329
SS-J,EI,9,389.4048
SS-J,ExpProgressive,15,216.3993
SS-J,ExpProgressive,40,503.676
SS-J,ExpProgressive,9,110.657
SS-J,PI,15,668.2015
SS-J,PI,40,1696.198
SS-J,PI,9,377.684
SS-J,progressive,15,207.0695
SS-J,progressive,40,498.2675
SS-J,progressive,9,107.4338
SS-J,rand,15,4.3466
SS-J,rand,40,4.6512
SS-J,rand,9,4.4726
SS-J,SimAnnealing,15,222.5676
SS-J,SimAnnealing,40,483.591
SS-J,SimAnnealing,9,95.7962
SS-J,UCB,15,689.6161
SS-J,UCB,40,1766.9824
SS-J,UCB,9,364.5637
SS-K,b2,15,138.017
SS-K,b2,40,381.0819
SS-K,b2,9,61.1008
SS-K,base,,2.9056
SS-K,bonr,15,151.4085
SS-K,bonr,40,415.8183
SS-K,bonr,9,61.4476
SS-K,EI,15,605.925
SS-K,EI,40,1373.3297
SS-K,EI,9,306.9764
SS-K,ExpProgressive,15,136.7199
SS-K,ExpProgressive,40,391.0689
SS-K,ExpProgressive,9,69.0376
SS-K,PI,15,570.8464
SS-K,PI,40,1340.3973
SS-K,PI,9,286.4908
SS-K,progressive,15,146.3282
SS-K,progressive,40,373.4212
SS-K,progressive,9,64.2908
SS-K,rand,15,3.5017
SS-K,rand,40,3.4565
SS-K,rand,9,3.695
SS-K,SimAnnealing,15,159.1387
SS-K,SimAnnealing,40,402.4954
SS-K,SimAnnealing,9,61.9711
SS-K,UCB,15,547.1516
SS-K,UCB,40,1342.436
SS-K,UCB,9,288.5437
SS-O,b2,15,115.5391
SS-O,b2,40,354.3205
SS-O,b2,9,61.0321
SS-O,base,,1.3651
SS-O,bonr,15,124.9311
SS-O,bonr,40,350.0879
SS-O,bonr,9,60.9864
SS-O,EI,15,243.0437
SS-O,EI,40,702.0169
SS-O,EI,9,124.1135
SS-O,ExpProgressive,15,120.4885
SS-O,ExpProgressive,40,334.87
SS-O,ExpProgressive,9,61.8198
SS-O,PI,15,256.6226
SS-O,PI,40,676.3347
SS-O,PI,9,117.8335
SS-O,progressive,15,127.4911
SS-O,progressive,40,340.7683
SS-O,progressive,9,69.2008
SS-O,rand,15,1.5544
SS-O,rand,40,1.6159
SS-O,rand,9,1.5074
SS-O,SimAnnealing,15,128.8733
SS-O,SimAnnealing,40,345.2337
SS-O,SimAnnealing,9,60.4539
SS-O,UCB,15,256.7492
SS-O,UCB,40,693.4245
SS-O,UCB,9,111.4839
SS-P,b2,15,134.8414
SS-P,b2,40,340.9205
SS-P,b2,9,70.9492
SS-P,base,,1.5252
SS-P,bonr,15,134.6291
SS-P,bonr,40,367.1175
SS-P,bonr,9,65.8192
SS-P,EI,15,247.7677
SS-P,EI,9,110.9957
SS-P,ExpProgressive,15,134.5984
SS-P,ExpProgressive,40,350.6041
SS-P,ExpProgressive,9,71.6918
SS-P,PI,15,238.3102
SS-P,PI,9,121.7785
SS-P,progressive,15,141.8679
SS-P,progressive,40,351.5301
SS-P,progressive,9,70.8691
SS-P,rand,15,2.0018
SS-P,rand,40,2.0372
SS-P,rand,9,1.7867
SS-P,SimAnnealing,15,138.6654
SS-P,SimAnnealing,40,349.1363
SS-P,SimAnnealing,9,59.5043
SS-P,UCB,15,243.3092
SS-P,UCB,9,116.1036
SS-S,b2,15,215.7629
SS-S,b2,40,543.9068
SS-S,b2,9,86.7352
SS-S,base,,4.3299
SS-S,bonr,15,217.5993
SS-S,bonr,40,510.0526
SS-S,bonr,9,98.2151
SS-S,EI,15,718.4478
SS-S,EI,40,1728.2119
SS-S,EI,9,402.9108
SS-S,ExpProgressive,15,206.6311
SS-S,ExpProgressive,40,501.6855
SS-S,ExpProgressive,9,90.1024
SS-S,PI,15,699.6392
SS-S,PI,40,1708.8211
SS-S,PI,9,386.3403
SS-S,progressive,15,217.062
SS-S,progressive,40,489.0764
SS-S,progressive,9,105.3943
SS-S,rand,15,4.3681
SS-S,rand,40,4.8746
SS-S,rand,9,4.6085
SS-S,SimAnnealing,15,219.9925
SS-S,SimAnnealing,40,535.0372
SS-S,SimAnnealing,9,91.7615
SS-S,UCB,15,687.8845
SS-S,UCB,40,1663.8454
SS-S,UCB,9,385.5597
SS-V,b2,15,787.567
SS-V,b2,40,1674.3856
SS-V,b2,9,485.6873
SS-V,base,,11.8512
SS-V,bonr,15,790.3409
SS-V,bonr,40,1731.2846
SS-V,bonr,9,486.687
SS-V,EI,15,1131.2043
SS-V,EI,40,2678.1145
SS-V,EI,9,603.2435
SS-V,ExpProgressive,15,793.4199
SS-V,ExpProgressive,40,1739.4282
SS-V,ExpProgressive,9,502.1855
SS-V,PI,15,1093.4022
SS-V,PI,40,2622.7327
SS-V,PI,9,578.6243
SS-V,progressive,15,796.0472
SS-V,progressive,40,1725.0002
SS-V,progressive,9,486.8874
SS-V,rand,15,13.1574
SS-V,rand,40,12.4295
SS-V,rand,9,12.1049
SS-V,SimAnnealing,15,785.6924
SS-V,SimAnnealing,40,1755.0734
SS-V,SimAnnealing,9,480.9456
SS-V,UCB,15,1013.4538
SS-V,UCB,40,2636.1176
SS-V,UCB,9,571.3865
SS-W,b2,15,3358.2934
SS-W,b2,40,5860.6431
SS-W,b2,9,2218.2474
SS-W,base,,108.1431
SS-W,bonr,15,3424.563
SS-W,bonr,40,5834.2519
SS-W,bonr,9,2262.381
SS-W,EI,15,4162.8692
SS-W,EI,40,8706.6219
SS-W,EI,9,2616.9759
SS-W,ExpProgressive,15,3444.6065
SS-W,ExpProgressive,40,5880.6357
SS-W,ExpProgressive,9,2243.0893
SS-W,PI,15,4074.4808
SS-W,PI,40,8466.0752
SS-W,PI,9,2563.7144
SS-W,progressive,15,3424.7039
SS-W,progressive,40,5858.1355
SS-W,progressive,9,2240.8382
SS-W,rand,15,117.6785
SS-W,rand,40,113.9129
SS-W,rand,9,115.727
SS-W,SimAnnealing,15,3396.5326
SS-W,SimAnnealing,40,5875.4965
SS-W,SimAnnealing,9,2235.1738
SS-W,UCB,15,4053.1842
SS-W,UCB,40,8856.9207
SS-W,UCB,9,2604.2208
SS-X,b2,15,3268.0621
SS-X,b2,40,5695.0788
SS-X,b2,9,2106.4401
SS-X,base,,107.1341
SS-X,bonr,15,3346.2772
SS-X,bonr,40,5714.3003
SS-X,bonr,9,2147.4667
SS-X,EI,15,4658.6171
SS-X,EI,40,10156.0118
SS-X,EI,9,2986.4533
SS-X,ExpProgressive,15,3351.1833
SS-X,ExpProgressive,40,5718.8036
SS-X,ExpProgressive,9,2155.2142
SS-X,PI,15,4641.5519
SS-X,PI,40,9823.0942
SS-X,PI,9,2910.088
SS-X,progressive,15,3385.0871
SS-X,progressive,40,5740.2977
SS-X,progressive,9,2199.6325
SS-X,rand,15,122.2935
SS-X,rand,40,121.7942
SS-X,rand,9,120.0145
SS-X,SimAnnealing,15,3362.2781
SS-X,SimAnnealing,40,5708.0775
SS-X,SimAnnealing,9,2171.5145
SS-X,UCB,15,4627.9493
SS-X,UCB,40,9486.2342
SS-X,UCB,9,3008.57
Wine_quality,b2,15,141.4159
Wine_quality,b2,40,379.0928
Wine_quality,b2,9,68.5169
Wine_quality,base,,2.7277
Wine_quality,bonr,15,155.5215
Wine_quality,bonr,40,396.766
Wine_quality,bonr,9,74.4307
Wine_quality,EI,15,414.2017
Wine_quality,EI,40,1000.3714
Wine_quality,EI,9,208.2811
Wine_quality,ExpProgressive,15,155.1177
Wine_quality,ExpProgressive,40,383.0941
Wine_quality,ExpProgressive,9,77.1635
Wine_quality,PI,15,401.7372
Wine_quality,PI,40,980.854
Wine_quality,PI,9,208.4797
Wine_quality,progressive,15,155.2992
Wine_quality,progressive,40,365.9602
Wine_quality,progressive,9,79.0956
Wine_quality,rand,15,2.465
Wine_quality,rand,40,2.9169
Wine_quality,rand,9,2.8314
Wine_quality,SimAnnealing,15,152.6216
Wine_quality,SimAnnealing,40,384.1879
Wine_quality,SimAnnealing,9,71.6693
Wine_quality,UCB,15,426.2319
Wine_quality,UCB,40,983.3743
Wine_quality,UCB,9,196.7597
Apache_AllMeasurements,b2,15,54.0082
Apache_AllMeasurements,b2,40,121.6884
Apache_AllMeasurements,b2,9,32.178
Apache_AllMeasurements,base,,0.5404
Apache_AllMeasurements,bonr,15,53.8676
Apache_AllMeasurements,bonr,40,119.3567
Apache_AllMeasurements,bonr,9,32.79
Apache_AllMeasurements,EI,15,104.2406
Apache_AllMeasurements,EI,40,254.4831
Apache_AllMeasurements,EI,9,54.1282
Apache_AllMeasurements,ExpProgressive,15,62.3189
Apache_AllMeasurements,ExpProgressive,40,126.9934
Apache_AllMeasurements,ExpProgressive,9,41.3539
Apache_AllMeasurements,PI,15,99.1138
Apache_AllMeasurements,PI,40,252.5567
Apache_AllMeasurements,PI,9,52.033
Apache_AllMeasurements,progressive,15,69.6901
Apache_AllMeasurements,progressive,40,128.4775
Apache_AllMeasurements,progressive,9,39.3814
Apache_AllMeasurements,rand,15,0.6037
Apache_AllMeasurements,rand,40,0.8562
Apache_AllMeasurements,rand,9,0.7189
Apache_AllMeasurements,SimAnnealing,15,57.5754
Apache_AllMeasurements,SimAnnealing,40,123.7008
Apache_AllMeasurements,SimAnnealing,9,35.7781
Apache_AllMeasurements,UCB,15,94.2475
Apache_AllMeasurements,UCB,40,248.9684
Apache_AllMeasurements,UCB,9,50.8821
healthCloseIsses12mths0011-easy,b2,15,540.5213
healthCloseIsses12mths0011-easy,b2,40,947.4583
healthCloseIsses12mths0011-easy,b2,9,352.5551
healthCloseIsses12mths0011-easy,base,,21.4799
healthCloseIsses12mths0011-easy,bonr,15,584.7334
healthCloseIsses12mths0011-easy,bonr,40,974.0254
healthCloseIsses12mths0011-easy,bonr,9,370.435
healthCloseIsses12mths0011-easy,EI,15,1119.9036
healthCloseIsses12mths0011-easy,EI,40,1804.201
healthCloseIsses12mths0011-easy,EI,9,810.4887
healthCloseIsses12mths0011-easy,ExpProgressive,15,589.86
healthCloseIsses12mths0011-easy,ExpProgressive,40,966.562
healthCloseIsses12mths0011-easy,ExpProgressive,9,370.2301
healthCloseIsses12mths0011-easy,PI,15,1106.8292
healthCloseIsses12mths0011-easy,PI,40,1775.6683
healthCloseIsses12mths0011-easy,PI,9,822.9244
healthCloseIsses12mths0011-easy,rand,15,25.3508
healthCloseIsses12mths0011-easy,rand,40,25.2384
healthCloseIsses12mths0011-easy,rand,9,24.1547
healthCloseIsses12mths0011-easy,SimAnnealing,15,579.7539
healthCloseIsses12mths0011-easy,SimAnnealing,40,964.7722
healthCloseIsses12mths0011-easy,SimAnnealing,9,372.2197
healthCloseIsses12mths0011-easy,UCB,15,1120.7846
healthCloseIsses12mths0011-easy,UCB,40,1747.7425
healthCloseIsses12mths0011-easy,UCB,9,791.6663
HSMGP_num,b2,15,568.8503
HSMGP_num,b2,40,978.8901
HSMGP_num,b2,9,357.4662
HSMGP_num,base,,12.7073
HSMGP_num,bonr,15,578.1913
HSMGP_num,bonr,40,994.3048
HSMGP_num,bonr,9,357.2419
HSMGP_num,EI,15,769.5655
HSMGP_num,EI,40,1248.2687
HSMGP_num,EI,9,483.3639
HSMGP_num,ExpProgressive,15,575.7228
HSMGP_num,ExpProgressive,40,993.5115
HSMGP_num,ExpProgressive,9,359.3448
HSMGP_num,PI,15,768.0807
HSMGP_num,PI,40,1235.2159
HSMGP_num,PI,9,458.8185
HSMGP_num,progressive,15,582.1859
HSMGP_num,progressive,40,991.784
HSMGP_num,progressive,9,363.6183
HSMGP_num,rand,15,14.334
HSMGP_num,rand,40,14.1691
HSMGP_num,rand,9,13.7552
HSMGP_num,SimAnnealing,15,582.5776
HSMGP_num,SimAnnealing,40,984.7727
HSMGP_num,SimAnnealing,9,351.4476
HSMGP_num,UCB,15,758.2575
HSMGP_num,UCB,40,1238.2879
HSMGP_num,UCB,9,460.4752
nasa93dem,b2,15,61.1409
nasa93dem,b2,40,131.589
nasa93dem,b2,9,36.8117
nasa93dem,base,,0.9317
nasa93dem,bonr,15,60.2372
nasa93dem,bonr,40,134.8589
nasa93dem,bonr,9,36.1015
nasa93dem,EI,15,78.3822
nasa93dem,EI,40,219.014
nasa93dem,EI,9,42.9339
nasa93dem,ExpProgressive,15,62.6086
nasa93dem,ExpProgressive,40,133.2884
nasa93dem,ExpProgressive,9,45.7235
nasa93dem,PI,15,65.7813
nasa93dem,PI,40,222.053
nasa93dem,PI,9,40.6796
nasa93dem,progressive,15,76.18
nasa93dem,progressive,40,148.114
nasa93dem,progressive,9,53.2307
nasa93dem,rand,15,1.1562
nasa93dem,rand,40,1.2829
nasa93dem,rand,9,1.0049
nasa93dem,SimAnnealing,15,66.8569
nasa93dem,SimAnnealing,40,136.6382
nasa93dem,SimAnnealing,9,42.3014
nasa93dem,UCB,15,75.95
nasa93dem,UCB,40,222.1532
nasa93dem,UCB,9,41.7122
pom3d,b2,15,84.622
pom3d,b2,40,196.7342
pom3d,b2,9,51.5131
pom3d,base,,1.8676
pom3d,bonr,15,90.037
pom3d,bonr,40,204.8522
pom3d,bonr,9,52.0409
pom3d,EI,15,226.2357
pom3d,EI,40,561.7685
pom3d,EI,9,114.8611
pom3d,ExpProgressive,15,92.9887
pom3d,ExpProgressive,40,209.1751
pom3d,ExpProgressive,9,58.8994
pom3d,PI,15,225.361
pom3d,PI,40,573.997
pom3d,PI,9,115.9104
pom3d,progressive,15,99.4133
pom3d,progressive,40,210.1857
pom3d,progressive,9,60.0097
pom3d,rand,15,2.4761
pom3d,rand,40,2.4579
pom3d,rand,9,2.1775
pom3d,SimAnnealing,15,93.4491
pom3d,SimAnnealing,40,206.8536
pom3d,SimAnnealing,9,57.3625
pom3d,UCB,15,228.0983
pom3d,UCB,40,558.1951
pom3d,UCB,9,114.7625
sol-6d-c2-obj1,b2,15,229.8552
sol-6d-c2-obj1,b2,40,508.6672
sol-6d-c2-obj1,b2,9,130.8654
sol-6d-c2-obj1,base,,6.0735
sol-6d-c2-obj1,bonr,15,222.3907
sol-6d-c2-obj1,bonr,40,494.8074
sol-6d-c2-obj1,bonr,9,125.156
sol-6d-c2-obj1,EI,15,660.1835
sol-6d-c2-obj1,EI,40,1170.1556
sol-6d-c2-obj1,EI,9,399.6687
sol-6d-c2-obj1,ExpProgressive,15,214.0188
sol-6d-c2-obj1,ExpProgressive,40,480.435
sol-6d-c2-obj1,ExpProgressive,9,132.7689
sol-6d-c2-obj1,PI,15,635.8757
sol-6d-c2-obj1,PI,40,1136.1843
sol-6d-c2-obj1,PI,9,379.0196
sol-6d-c2-obj1,progressive,15,232.3478
sol-6d-c2-obj1,progressive,40,489.6774
sol-6d-c2-obj1,progressive,9,137.5862
sol-6d-c2-obj1,rand,15,7.2367
sol-6d-c2-obj1,rand,40,6.9241
sol-6d-c2-obj1,rand,9,6.8348
sol-6d-c2-obj1,SimAnnealing,15,219.0566
sol-6d-c2-obj1,SimAnnealing,40,489.7317
sol-6d-c2-obj1,SimAnnealing,9,129.967
sol-6d-c2-obj1,UCB,15,637.8604
sol-6d-c2-obj1,UCB,40,1139.3201
sol-6d-c2-obj1,UCB,9,388.8882
SS-A,b2,15,116.452
SS-A,b2,40,270.253
SS-A,b2,9,40.2247
SS-A,base,,1.2218
SS-A,bonr,15,109.7769
SS-A,bonr,40,268.1007
SS-A,bonr,9,64.7982
SS-A,EI,15,426.9846
SS-A,EI,40,852.6118
SS-A,EI,9,227.2461
SS-A,ExpProgressive,15,120.9832
SS-A,ExpProgressive,40,271.6997
SS-A,ExpProgressive,9,74.3497
SS-A,PI,15,405.9541
SS-A,PI,40,836.027
SS-A,PI,9,231.2447
SS-A,progressive,15,124.2316
SS-A,progressive,40,279.8055
SS-A,progressive,9,78.1911
SS-A,rand,15,2.1043
SS-A,rand,40,2.2266
SS-A,rand,9,2.3011
SS-A,SimAnnealing,15,118.132
SS-A,SimAnnealing,40,274.2469
SS-A,SimAnnealing,9,48.4265
SS-A,UCB,15,402.1134
SS-A,UCB,40,847.4316
SS-A,UCB,9,227.3892
SS-C,b2,15,110.7747
SS-C,b2,40,288.679
SS-C,b2,9,65.7804
SS-C,base,,2.2411
SS-C,bonr,15,115.9225
SS-C,bonr,40,284.9471
SS-C,bonr,9,64.7358
SS-C,EI,15,459.3664
SS-C,EI,40,900.2871
SS-C,EI,9,245.8767
SS-C,ExpProgressive,15,122.4902
SS-C,ExpProgressive,40,285.99
SS-C,ExpProgressive,9,72.6588
SS-C,PI,15,438.5716
SS-C,PI,40,877.687
SS-C,PI,9,242.874
SS-C,progressive,15,129.5765
SS-C,progressive,40,290.605
SS-C,progressive,9,75.7392
SS-C,rand,15,2.2189
SS-C,rand,40,2.5369
SS-C,rand,9,2.148
SS-C,SimAnnealing,15,118.6044
SS-C,SimAnnealing,40,283.5896
SS-C,SimAnnealing,9,69.4049
SS-C,UCB,15,421.2326
SS-C,UCB,40,880.9781
SS-C,UCB,9,253.0704
SS-M,b2,15,249.8838
SS-M,b2,40,533.4912
SS-M,b2,9,145.1998
SS-M,base,,3.508
SS-M,bonr,15,253.3543
SS-M,bonr,40,525.9796
SS-M,bonr,9,151.8973
SS-M,EI,15,339.7759
SS-M,EI,40,769.1083
SS-M,EI,9,179.4119
SS-M,ExpProgressive,15,257.18
SS-M,ExpProgressive,40,539.2169
SS-M,ExpProgressive,9,155.7643
SS-M,PI,15,327.5286
SS-M,PI,40,753.0374
SS-M,PI,9,179.2993
SS-M,progressive,15,261.7972
SS-M,progressive,40,542.8282
SS-M,progressive,9,156.1678
SS-M,rand,15,4.1878
SS-M,rand,40,4.3648
SS-M,rand,9,4.2224
SS-M,SimAnnealing,15,256.2103
SS-M,SimAnnealing,40,537.4732
SS-M,SimAnnealing,9,151.2244
SS-M,UCB,15,336.4591
SS-M,UCB,40,756.3902
SS-M,UCB,9,172.5014
SS-Q,b2,15,438.7443
SS-Q,b2,40,843.4329
SS-Q,b2,9,264.005
SS-Q,base,,9.9218
SS-Q,bonr,15,449.0821
SS-Q,bonr,40,847.6336
SS-Q,bonr,9,268.9396
SS-Q,EI,15,675.4808
SS-Q,EI,40,1171.6127
SS-Q,EI,9,411.7446
SS-Q,ExpProgressive,15,443.4742
SS-Q,ExpProgressive,40,822.6855
SS-Q,ExpProgressive,9,262.8607
SS-Q,PI,15,682.8873
SS-Q,PI,40,1181.2613
SS-Q,PI,9,402.3162
SS-Q,progressive,15,442.1771
SS-Q,progressive,40,827.2018
SS-Q,progressive,9,273.4926
SS-Q,rand,15,11.1161
SS-Q,rand,40,11.2825
SS-Q,rand,9,11.1438
SS-Q,SimAnnealing,15,439.1997
SS-Q,SimAnnealing,40,828.902
SS-Q,SimAnnealing,9,260.905
SS-Q,UCB,15,678.482
SS-Q,UCB,40,1188.0369
SS-Q,UCB,9,405.4881
SS-R,b2,15,513.7418
SS-R,b2,40,915.0814
SS-R,b2,9,312.9825
SS-R,base,,11.0204
SS-R,bonr,15,508.2004
SS-R,bonr,40,925.1338
SS-R,bonr,9,309.7474
SS-R,EI,15,741.0164
SS-R,EI,40,1214.3624
SS-R,EI,9,441.3263
SS-R,ExpProgressive,15,503.8974
SS-R,ExpProgressive,40,916.1995
SS-R,ExpProgressive,9,310.0956
SS-R,PI,15,712.4526
SS-R,PI,40,1222.4244
SS-R,PI,9,444.8066
SS-R,progressive,15,514.1371
SS-R,progressive,40,920.9529
SS-R,progressive,9,310.0583
SS-R,rand,15,11.7788
SS-R,rand,40,11.8155
SS-R,rand,9,12.593
SS-R,SimAnnealing,15,516.2509
SS-R,SimAnnealing,40,923.8718
SS-R,SimAnnealing,9,313.0017
SS-R,UCB,15,704.538
SS-R,UCB,40,1228.7689
SS-R,UCB,9,448.0849
SS-T,b2,15,624.5938
SS-T,b2,40,1052.5651
SS-T,b2,9,392.2209
SS-T,base,,16.1357
SS-T,bonr,15,639.4651
SS-T,bonr,40,1065.1028
SS-T,bonr,9,401.8289
SS-T,EI,15,900.2851
SS-T,EI,40,1404.2773
SS-T,EI,9,591.1825
SS-T,ExpProgressive,15,642.2644
SS-T,ExpProgressive,40,1058.974
SS-T,ExpProgressive,9,404.8245
SS-T,PI,15,888.989
SS-T,PI,40,1379.4212
SS-T,PI,9,595.4044
SS-T,progressive,15,647.7105
SS-T,progressive,40,1059.5672
SS-T,progressive,9,404.8493
SS-T,rand,15,16.964
SS-T,rand,40,19.0595
SS-T,rand,9,18.3045
SS-T,SimAnnealing,15,635.2028
SS-T,SimAnnealing,40,1062.2238
SS-T,SimAnnealing,9,400.8682
SS-T,UCB,15,885.6446
SS-T,UCB,40,1402.7194
SS-T,UCB,9,574.0052
SS-U,b2,15,797.5629
SS-U,b2,40,1216.2216
SS-U,b2,9,534.1809
SS-U,base,,22.6819
SS-U,bonr,15,805.8889
SS-U,bonr,40,1210.8345
SS-U,bonr,9,550.7484
SS-U,EI,15,895.0794
SS-U,EI,40,1382.5946
SS-U,EI,9,574.5992
SS-U,ExpProgressive,15,801.2708
SS-U,ExpProgressive,40,1207.2277
SS-U,ExpProgressive,9,568.5854
SS-U,PI,15,870.7373
SS-U,PI,40,1372.686
SS-U,PI,9,575.3594
SS-U,progressive,15,807.6316
SS-U,progressive,40,1216.7484
SS-U,progressive,9,561.7873
SS-U,rand,15,22.4287
SS-U,rand,40,22.836
SS-U,rand,9,21.7888
SS-U,SimAnnealing,15,796.4801
SS-U,SimAnnealing,40,1207.218
SS-U,SimAnnealing,9,547.8516
SS-U,UCB,15,868.7133
SS-U,UCB,40,1376.5477
SS-U,UCB,9,577.2837
wc+rs-3d-c4-obj1,b2,15,27.0565
wc+rs-3d-c4-obj1,b2,40,57.0164
wc+rs-3d-c4-obj1,b2,9,17.4627
wc+rs-3d-c4-obj1,base,,0.296
wc+rs-3d-c4-obj1,bonr,15,25.4065
wc+rs-3d-c4-obj1,bonr,40,56.0259
wc+rs-3d-c4-obj1,bonr,9,16.6487
wc+rs-3d-c4-obj1,EI,15,101.2947
wc+rs-3d-c4-obj1,EI,40,244.7404
wc+rs-3d-c4-obj1,EI,9,51.9935
wc+rs-3d-c4-obj1,ExpProgressive,15,36.5083
wc+rs-3d-c4-obj1,ExpProgressive,40,66.5738
wc+rs-3d-c4-obj1,ExpProgressive,9,25.0497
wc+rs-3d-c4-obj1,PI,15,88.9315
wc+rs-3d-c4-obj1,PI,40,232.3122
wc+rs-3d-c4-obj1,PI,9,49.2076
wc+rs-3d-c4-obj1,rand,15,0.416
wc+rs-3d-c4-obj1,rand,40,0.4915
wc+rs-3d-c4-obj1,rand,9,0.2909
wc+rs-3d-c4-obj1,SimAnnealing,15,32.2844
wc+rs-3d-c4-obj1,SimAnnealing,40,65.6777
wc+rs-3d-c4-obj1,SimAnnealing,9,22.4103
wc+rs-3d-c4-obj1,UCB,15,91.417
wc+rs-3d-c4-obj1,UCB,40,225.9078
wc+rs-3d-c4-obj1,UCB,9,49.9001
wc+sol-3d-c4-obj1,b2,15,25.4686
wc+sol-3d-c4-obj1,b2,40,61.9668
wc+sol-3d-c4-obj1,b2,9,17.5754
wc+sol-3d-c4-obj1,base,,0.2917
wc+sol-3d-c4-obj1,bonr,15,26.226
wc+sol-3d-c4-obj1,bonr,40,58.5093
wc+sol-3d-c4-obj1,bonr,9,17.7395
wc+sol-3d-c4-obj1,EI,15,95.0252
wc+sol-3d-c4-obj1,EI,40,230.9068
wc+sol-3d-c4-obj1,EI,9,52.7612
wc+sol-3d-c4-obj1,ExpProgressive,15,33.1499
wc+sol-3d-c4-obj1,ExpProgressive,40,71.0643
wc+sol-3d-c4-obj1,ExpProgressive,9,25.5266
wc+sol-3d-c4-obj1,PI,15,100.1521
wc+sol-3d-c4-obj1,PI,40,254.2927
wc+sol-3d-c4-obj1,PI,9,53.3811
wc+sol-3d-c4-obj1,progressive,15,39.6952
wc+sol-3d-c4-obj1,progressive,40,70.9367
wc+sol-3d-c4-obj1,progressive,9,30.3802
wc+sol-3d-c4-obj1,rand,15,0.3677
wc+sol-3d-c4-obj1,rand,40,0.411
wc+sol-3d-c4-obj1,rand,9,0.3495
wc+sol-3d-c4-obj1,SimAnnealing,15,31.0488
wc+sol-3d-c4-obj1,SimAnnealing,40,68.6882
wc+sol-3d-c4-obj1,SimAnnealing,9,23.5134
wc+sol-3d-c4-obj1,UCB,15,94.9715
wc+sol-3d-c4-obj1,UCB,40,241.4568
wc+sol-3d-c4-obj1,UCB,9,50.4956
wc+wc-3d-c4-obj1,b2,15,25.3503
wc+wc-3d-c4-obj1,b2,40,60.4507
wc+wc-3d-c4-obj1,b2,9,16.8196
wc+wc-3d-c4-obj1,base,,0.2879
wc+wc-3d-c4-obj1,bonr,15,24.57
wc+wc-3d-c4-obj1,bonr,40,56.5222
wc+wc-3d-c4-obj1,bonr,9,16.752
wc+wc-3d-c4-obj1,EI,15,95.2716
wc+wc-3d-c4-obj1,EI,40,240.8524
wc+wc-3d-c4-obj1,EI,9,52.9904
wc+wc-3d-c4-obj1,ExpProgressive,15,33.3096
wc+wc-3d-c4-obj1,ExpProgressive,40,67.4801
wc+wc-3d-c4-obj1,ExpProgressive,9,26.7322
wc+wc-3d-c4-obj1,PI,15,91.3125
wc+wc-3d-c4-obj1,PI,40,237.7452
wc+wc-3d-c4-obj1,PI,9,55.3781
wc+wc-3d-c4-obj1,progressive,15,41.0466
wc+wc-3d-c4-obj1,progressive,40,69.3258
wc+wc-3d-c4-obj1,progressive,9,30.1237
wc+wc-3d-c4-obj1,rand,15,0.3152
wc+wc-3d-c4-obj1,rand,40,0.4764
wc+wc-3d-c4-obj1,rand,9,0.3022
wc+wc-3d-c4-obj1,SimAnnealing,15,29.7313
wc+wc-3d-c4-obj1,SimAnnealing,40,65.6497
wc+wc-3d-c4-obj1,SimAnnealing,9,23.3331
wc+wc-3d-c4-obj1,UCB,15,92.2721
wc+wc-3d-c4-obj1,UCB,40,238.1592
wc+wc-3d-c4-obj1,UCB,9,49.6906
wc-6d-c1-obj1,b2,15,116.1589
wc-6d-c1-obj1,b2,40,327.651
wc-6d-c1-obj1,b2,9,53.9532
wc-6d-c1-obj1,base,,0.7997
wc-6d-c1-obj1,bonr,15,106.5811
wc-6d-c1-obj1,bonr,40,296.1563
wc-6d-c1-obj1,bonr,9,48.7731
wc-6d-c1-obj1,EI,15,500.9341
wc-6d-c1-obj1,EI,40,1302.9539
wc-6d-c1-obj1,EI,9,243.8291
wc-6d-c1-obj1,ExpProgressive,15,112.4481
wc-6d-c1-obj1,ExpProgressive,40,296.9933
wc-6d-c1-obj1,ExpProgressive,9,51.3027
wc-6d-c1-obj1,PI,15,463.5136
wc-6d-c1-obj1,PI,40,1243.6987
wc-6d-c1-obj1,PI,9,215.1414
wc-6d-c1-obj1,progressive,15,110.9159
wc-6d-c1-obj1,progressive,40,302.4604
wc-6d-c1-obj1,progressive,9,56.8919
wc-6d-c1-obj1,rand,15,0.7133
wc-6d-c1-obj1,rand,40,0.9005
wc-6d-c1-obj1,rand,9,0.9036
wc-6d-c1-obj1,SimAnnealing,15,107.7176
wc-6d-c1-obj1,SimAnnealing,40,308.3495
wc-6d-c1-obj1,SimAnnealing,9,51.4564
wc-6d-c1-obj1,UCB,15,472.5022
wc-6d-c1-obj1,UCB,40,1127.2971
wc-6d-c1-obj1,UCB,9,209.6733
X264_AllMeasurements,b2,15,147.7559
X264_AllMeasurements,b2,40,421.4542
X264_AllMeasurements,b2,9,77.8978
X264_AllMeasurements,base,,0.5439
X264_AllMeasurements,bonr,15,149.3171
X264_AllMeasurements,bonr,40,417.5144
X264_AllMeasurements,bonr,9,82.9161
X264_AllMeasurements,EI,15,210.2304
X264_AllMeasurements,EI,40,708.0892
X264_AllMeasurements,EI,9,100.4732
X264_AllMeasurements,ExpProgressive,15,154.8146
X264_AllMeasurements,ExpProgressive,40,428.8261
X264_AllMeasurements,ExpProgressive,9,79.2982
X264_AllMeasurements,PI,15,213.6056
X264_AllMeasurements,PI,40,712.5625
X264_AllMeasurements,PI,9,98.5122
X264_AllMeasurements,progressive,15,157.9923
X264_AllMeasurements,progressive,40,421.4454
X264_AllMeasurements,progressive,9,78.3195
X264_AllMeasurements,rand,15,0.5181
X264_AllMeasurements,rand,40,0.733
X264_AllMeasurements,rand,9,0.4804
X264_AllMeasurements,SimAnnealing,15,151.4194
X264_AllMeasurements,SimAnnealing,40,410.3618
X264_AllMeasurements,SimAnnealing,9,80.8373
X264_AllMeasurements,UCB,15,208.0695
X264_AllMeasurements,UCB,40,685.7273
X264_AllMeasurements,UCB,9,90.2635
xomo_flight,b2,15,964.1715
xomo_flight,b2,40,1703.3612
xomo_flight,b2,9,586.8872
xomo_flight,base,,29.0078
xomo_flight,bonr,15,1027.7278
xomo_flight,bonr,40,1844.5084
xomo_flight,bonr,9,619.6074
xomo_flight,EI,15,1598.0717
xomo_flight,EI,40,2747.5224
xomo_flight,EI,9,924.3838
xomo_flight,ExpProgressive,15,942.3422
xomo_flight,ExpProgressive,40,1825.6217
xomo_flight,ExpProgressive,9,565.6902
xomo_flight,PI,15,1540.6794
xomo_flight,PI,40,2709.7587
xomo_flight,PI,9,882.5397
xomo_flight,progressive,15,970.3009
xomo_flight,progressive,40,1833.2117
xomo_flight,progressive,9,590.4538
xomo_flight,rand,15,29.6306
xomo_flight,rand,40,29.1418
xomo_flight,rand,9,30.0698
xomo_flight,SimAnnealing,15,1033.0145
xomo_flight,SimAnnealing,40,1695.7171
xomo_flight,SimAnnealing,9,596.6277
xomo_flight,UCB,15,1544.5396
xomo_flight,UCB,40,2731.2222
xomo_flight,UCB,9,898.7115
xomo_ground,b2,15,955.3202
xomo_ground,b2,40,1837.0438
xomo_ground,b2,9,580.5612
xomo_ground,base,,26.5847
xomo_ground,bonr,15,1002.8967
xomo_ground,bonr,40,1837.19
xomo_ground,bonr,9,601.3183
xomo_ground,EI,15,1570.7618
xomo_ground,EI,40,2757.4837
xomo_ground,EI,9,938.9692
xomo_ground,ExpProgressive,15,944.3147
xomo_ground,ExpProgressive,40,1802.9419
xomo_ground,ExpProgressive,9,548.2121
xomo_ground,PI,15,1605.0989
xomo_ground,PI,40,2722.7348
xomo_ground,PI,9,915.4135
xomo_ground,progressive,15,949.0435
xomo_ground,progressive,40,1646.5518
xomo_ground,progressive,9,575.3032
xomo_ground,rand,15,29.52
xomo_ground,rand,40,33.4085
xomo_ground,rand,9,30.0555
xomo_ground,SimAnnealing,15,1015.8916
xomo_ground,SimAnnealing,40,1877.3095
xomo_ground,SimAnnealing,9,577.5299
xomo_ground,UCB,15,1589.44
xomo_ground,UCB,40,2646.2177
xomo_ground,UCB,9,920.6974
xomo_osp2,b2,15,970.6266
xomo_osp2,b2,40,1823.2513
xomo_osp2,b2,9,576.8689
xomo_osp2,base,,27.1843
xomo_osp2,bonr,15,1045.144
xomo_osp2,bonr,40,1854.854
xomo_osp2,bonr,9,626.0255
xomo_osp2,EI,15,1599.3302
xomo_osp2,EI,40,2757.3374
xomo_osp2,EI,9,935.346
xomo_osp2,ExpProgressive,15,958.2983
xomo_osp2,ExpProgressive,40,1794.9084
xomo_osp2,ExpProgressive,9,566.9179
xomo_osp2,PI,15,1547.2341
xomo_osp2,PI,40,2737.3481
xomo_osp2,PI,9,894.7832
xomo_osp2,progressive,15,980.2122
xomo_osp2,progressive,40,1773.9197
xomo_osp2,progressive,9,600.7143
xomo_osp2,rand,15,27.8817
xomo_osp2,rand,40,31.4776
xomo_osp2,rand,9,30.7354
xomo_osp2,SimAnnealing,15,1036.7394
xomo_osp2,SimAnnealing,40,1842.6296
xomo_osp2,SimAnnealing,9,613.8059
xomo_osp2,UCB,15,1349.1629
xomo_osp2,UCB,40,2745.5849
xomo_osp2,UCB,9,907.1963
xomo_osp,b2,15,951.4252
xomo_osp,b2,40,1799.1412
xomo_osp,b2,9,568.8778
xomo_osp,base,,29.9033
xomo_osp,bonr,15,1036.1338
xomo_osp,bonr,40,1737.689
xomo_osp,bonr,9,597.7191
xomo_osp,EI,15,1575.4256
xomo_osp,EI,40,2748.8133
xomo_osp,EI,9,943.197
xomo_osp,ExpProgressive,15,958.4548
xomo_osp,ExpProgressive,40,1810.0442
xomo_osp,ExpProgressive,9,580.0913
xomo_osp,PI,15,1574.6671
xomo_osp,PI,40,2630.5244
xomo_osp,PI,9,897.9342
xomo_osp,progressive,15,974.8277
xomo_osp,progressive,40,1792.0685
xomo_osp,progressive,9,592.5308
xomo_osp,rand,15,28.1295
xomo_osp,rand,40,29.8686
xomo_osp,rand,9,27.4871
xomo_osp,SimAnnealing,15,1007.1619
xomo_osp,SimAnnealing,40,1845.5754
xomo_osp,SimAnnealing,9,594.0211
xomo_osp,UCB,15,1555.798
xomo_osp,UCB,40,2732.7148
xomo_osp,UCB,9,913.5187
